Prop distance,Correlation Length,Visibility,Epsilon,Mean Transmission
0.0,0.0,0.9996226888176039,0.04492647406792097,0.6062256365389329
0.02,4.132806579540311e-08,0.9977180845777689,0.27196701890103364,0.6062263439983552
0.04,8.265613159080622e-08,0.9946414184444987,0.639641696445193,0.6062267948417458
0.06,1.239841973862093e-07,0.9888520414904809,1.3345907983892151,0.6062268913396818
0.08,1.6531226318161243e-07,0.9849416553399897,1.8062943716395001,0.6062271077018833
0.1,2.0664032897701553e-07,0.9821344139235595,2.1460836038102644,0.6062271252546624
0.12,2.479683947724186e-07,0.9790588581005691,2.5194663839189175,0.606227033519643
0.14,2.8929646056782177e-07,0.9745674908726584,3.066845893862555,0.606226963500775
0.16,3.3062452636322487e-07,0.9677525367144759,3.9022462235754363,0.6062270286887822
0.18,3.719525921586279e-07,0.962565872298679,4.541997191684292,0.6062272596997484
0.2,4.1328065795403106e-07,0.9620541845802875,4.605298211319759,0.6062274972282744
0.22,4.546087237494342e-07,0.9597316641159342,4.893041683117582,0.6062273905782237
0.24,4.959367895448372e-07,0.9547958733297331,5.50686982769483,0.606227757962183
0.26,5.372648553402404e-07,0.9478303638634495,6.378539739439248,0.6062290414277398
0.28,5.785929211356435e-07,0.9483600507639764,6.312029577271786,0.6062293516753353
0.3,6.199209869310465e-07,0.947518793642134,6.417679433781035,0.6062299499816758
0.32,6.612490527264497e-07,0.9452812714606013,6.699137383055315,0.6062305765914667
0.34,7.025771185218528e-07,0.9399271344081795,7.375348013059096,0.6062307783059276
0.36,7.439051843172558e-07,0.9366725672709022,7.788274495812129,0.6062310097371627
0.38,7.85233250112659e-07,0.9358767418980506,7.8894639502695965,0.6062311463300889
0.4,8.265613159080621e-07,0.934932138228534,8.009682352641383,0.6062309411986889
0.42,8.678893817034652e-07,0.9319334341378854,8.392129695963868,0.6062316178355655
0.44,9.092174474988684e-07,0.9268634690146037,9.041548438074344,0.6062318091580317
0.46,9.505455132942714e-07,0.9215126110033071,9.730811507928527,0.6062317288843491
0.48,9.918735790896745e-07,0.9204211940011139,9.871892159526839,0.6062321958248377
0.5,1.0332016448850776e-06,0.9182412539515853,10.15418083567916,0.606232251624531
0.52,1.0745297106804809e-06,0.9159444212979232,10.452332331879065,0.6062323409411523
0.54,1.1158577764758838e-06,0.913774585099841,10.734686019295342,0.606232161134778
0.56,1.157185842271287e-06,0.9079434175141009,11.496811647100087,0.6062318378610071
0.58,1.19851390806669e-06,0.9069514442335602,11.626948187189482,0.6062311863318866
0.6,1.239841973862093e-06,0.904268172335049,11.979679972500684,0.6062313844066965
0.62,1.2811700396574964e-06,0.9025164297175758,12.210521936617843,0.6062312827197546
0.64,1.3224981054528995e-06,0.8956582304676265,13.118616426652974,0.6062313756536485
0.66,1.3638261712483026e-06,0.890913823979366,13.750901726911383,0.6062323541500766
0.68,1.4051542370437057e-06,0.889371872252227,13.957122254428878,0.6062324017394802
0.7000000000000001,1.446482302839109e-06,0.889344181186431,13.960828923006813,0.6062328472638738
0.72,1.4878103686345116e-06,0.885629684677289,14.459092722163122,0.6062331630312751
0.74,1.529138434429915e-06,0.8802805364894853,15.180313196162261,0.6062331947101272
0.76,1.570466500225318e-06,0.877609535927588,15.542083829105332,0.6062333417175179
0.78,1.6117945660207213e-06,0.8798359376764106,15.240455160663481,0.6062333788212173
0.8,1.6531226318161242e-06,0.8765069083218358,15.691749159340713,0.6062326543930926
0.8200000000000001,1.6944506976115273e-06,0.8719626355762471,16.31056013107323,0.6062327636442758
0.84,1.7357787634069304e-06,0.869390316698764,16.66227361929728,0.6062325596600889
0.86,1.7771068292023335e-06,0.8664731947437181,17.062393499511398,0.6062326473483204
0.88,1.8184348949977368e-06,0.8691404663311344,16.69649112281184,0.6062325951446244
0.9,1.8597629607931397e-06,0.8652297450319172,17.23335787179077,0.6062327414898495
0.92,1.9010910265885428e-06,0.8623731973836416,17.6270426679727,0.606232069071911
0.9400000000000001,1.942419092383946e-06,0.857584816078483,18.289904042226556,0.6062317365766904
0.96,1.983747158179349e-06,0.8555911122850948,18.566986848383237,0.606231145285962
0.98,2.0250752239747523e-06,0.852817273676649,18.953567919802133,0.6062305830203352
1.0,2.066403289770155e-06,0.8501386429526142,19.328075409838437,0.6062307160220046
1.02,2.1077313555655585e-06,0.8464650765632429,19.843611254163648,0.6062303272462825
1.04,2.1490594213609618e-06,0.8441788303998086,20.16558600839736,0.606230126116332
1.06,2.1903874871563647e-06,0.8396875671689792,20.800642878511926,0.6062302858385193
1.08,2.2317155529517676e-06,0.8407084913563719,20.655988160864148,0.6062304392628058
1.1,2.273043618747171e-06,0.8373398999465455,21.133952119054666,0.6062306492695199
1.12,2.314371684542574e-06,0.8357436300676097,21.36111613411647,0.6062313572264932
1.1400000000000001,2.355699750337977e-06,0.833408703908151,21.694180499291395,0.6062312624949777
1.16,2.39702781613338e-06,0.830057785500133,22.173804706003697,0.6062313286018944
1.18,2.4383558819287832e-06,0.8328601087340847,21.772569953811402,0.6062309742116725
1.2,2.479683947724186e-06,0.8287858519216766,22.35636645005293,0.6062308178678643
1.22,2.521012013519589e-06,0.823912623246617,23.05842791006289,0.6062312775844481
1.24,2.5623400793149927e-06,0.8205370192794263,23.54717279976271,0.606231695839787
1.26,2.6036681451103956e-06,0.8214558855560431,23.413933668764194,0.6062320178113723
1.28,2.644996210905799e-06,0.8199637983355113,23.630367627349287,0.6062321265625861
1.3,2.686324276701202e-06,0.8148752716974703,24.371454561335906,0.6062327337010047
1.32,2.727652342496605e-06,0.8100231707078764,25.08243165626165,0.6062325363564272
1.34,2.7689804082920084e-06,0.8090328082989502,25.228072453133947,0.6062331599944558
1.36,2.8103084740874113e-06,0.8070785673700305,25.515983108959126,0.6062332364322809
1.3800000000000001,2.851636539882814e-06,0.8061944683416594,25.646463061870158,0.6062332468406163
1.4000000000000001,2.892964605678218e-06,0.8016673618422719,26.31684737474333,0.6062335620268161
1.42,2.9342926714736204e-06,0.8016891404476677,26.313613295341774,0.6062334682379874
1.44,2.9756207372690233e-06,0.8000124187158449,26.56286048093931,0.6062338634246656
1.46,3.0169488030644266e-06,0.7982489433343913,26.825567989974623,0.6062351536595372
1.48,3.05827686885983e-06,0.7977308091927761,26.902865509540234,0.6062357148570664
1.5,3.099604934655233e-06,0.7924256145345518,27.697218978815343,0.6062364360104427
1.52,3.140933000450636e-06,0.7901220436128186,28.043792841296767,0.6062369847477017
1.54,3.1822610662460394e-06,0.7873351826628462,28.464431195672518,0.6062374396380442
1.56,3.2235891320414427e-06,0.7860946464997325,28.65215219145481,0.6062379327388284
1.58,3.264917197836845e-06,0.7853753456257364,28.76113430735577,0.60623829654736
1.6,3.3062452636322484e-06,0.7821403372636891,29.252511323959343,0.6062384262396265
1.62,3.347573329427652e-06,0.7787285610370698,29.772945146176234,0.6062385563673179
1.6400000000000001,3.3889013952230546e-06,0.7787823272738778,29.764725951655386,0.6062392110336361
1.6600000000000001,3.430229461018458e-06,0.7780581691122052,29.87547501217711,0.606239052531345
1.68,3.471557526813861e-06,0.7788998440011774,29.746763254427645,0.6062396295652149
1.7,3.512885592609264e-06,0.772170035317378,30.779821453298478,0.6062401554728301
1.72,3.554213658404667e-06,0.7699927348091891,31.11597612995974,0.6062400419310052
1.74,3.5955417242000703e-06,0.7687143650018368,31.31378754821029,0.6062400487405643
1.76,3.6368697899954736e-06,0.7701982572402599,31.08420480244077,0.606239824218805
1.78,3.678197855790876e-06,0.7666152749180185,31.639309606598403,0.6062391651602987
1.8,3.7195259215862794e-06,0.7610355085233325,32.50895974559244,0.6062394288563587
1.82,3.760853987381683e-06,0.7580579890800428,32.975642085932286,0.6062394223047046
1.84,3.8021820531770856e-06,0.7563228751427492,33.24844172079262,0.6062395630731902
1.86,3.843510118972489e-06,0.7545604984757159,33.526169101865676,0.606240436398069
1.8800000000000001,3.884838184767892e-06,0.7521247239975506,33.91108481014576,0.6062406751817608
1.9000000000000001,3.926166250563295e-06,0.7492148254726729,34.37256192898366,0.6062412259375942
1.92,3.967494316358698e-06,0.7483451351213797,34.51083295651344,0.606241618189957
1.94,4.008822382154101e-06,0.7466079394411941,34.78750933673202,0.6062420920827322
1.96,4.050150447949505e-06,0.7448813169911327,35.06314039825063,0.6062421081940862
1.98,4.091478513744907e-06,0.7444182934110067,35.137164263116915,0.6062419522704928
2.0,4.13280657954031e-06,0.7418133103051554,35.55448462315678,0.6062417441354936
2.02,4.174134645335714e-06,0.7409384702565959,35.69496347913106,0.606241159336061
2.04,4.215462711131117e-06,0.7388185253447962,36.03606619758081,0.6062417935224114
2.06,4.25679077692652e-06,0.7381412449501352,36.145248080100835,0.6062417618160434
2.08,4.2981188427219236e-06,0.7346234952045204,36.71394790920284,0.6062423053907808
2.1,4.339446908517326e-06,0.7304475071086198,37.392608241112605,0.6062423661167533
2.12,4.380774974312729e-06,0.7286482463359688,37.686211754241064,0.6062417266955752
2.14,4.422103040108133e-06,0.7284189476014908,37.723680813635376,0.6062414631104044
2.16,4.463431105903535e-06,0.7268383497080566,37.982283179313036,0.6062412170519863
2.18,4.504759171698938e-06,0.7234079953562012,38.54546512571936,0.6062408283384736
2.2,4.546087237494342e-06,0.7198104773941436,39.13896755517925,0.6062407912625621
2.22,4.587415303289745e-06,0.7204808691320754,39.02814477451623,0.606240462000201
2.24,4.628743369085148e-06,0.7208277091430717,38.97084895470505,0.6062402624586187
2.2600000000000002,4.670071434880552e-06,0.7197960717947846,39.14135008435804,0.6062403606408083
2.2800000000000002,4.711399500675954e-06,0.71699318433534,39.605826694779644,0.6062406928576226
2.3000000000000003,4.752727566471357e-06,0.7144530860541193,40.028326618357234,0.606241470568977
2.32,4.79405563226676e-06,0.7141399182667195,40.08052046214169,0.6062420162281792
2.34,4.835383698062163e-06,0.7121827552395423,40.407228785628845,0.6062422548053656
2.36,4.8767117638575665e-06,0.710769306714474,40.64373392364064,0.6062420254925603
2.38,4.918039829652969e-06,0.7071923716106763,41.244351722201195,0.6062420350678996
2.4,4.959367895448372e-06,0.7064347416344242,41.3719582919714,0.6062416539900596
